<?xml version="1.0" encoding="UTF-8"?>
<!DOCTYPE hibernate-configuration PUBLIC
		"-//Hibernate/Hibernate Configuration DTD 3.0//EN"
		"http://www.hibernate.org/dtd/hibernate-configuration-3.0.dtd">
<hibernate-configuration>
    <session-factory>
        <property name="hibernate.connection.driver_class">com.microsoft.sqlserver.jdbc.SQLServerDriver</property>
        <property name="hibernate.connection.password">Praj@dec23</property>
        <property name="hibernate.connection.url">jdbc:sqlserver://10.0.2.67;databaseName=TrainingDec2023;trustServerCertificate=true</property>
        <property name="hibernate.connection.username">poornap</property>
        <property name="hibernate.dialect">org.hibernate.dialect.SQLServerDialect</property>
        <property name="hbm2ddl.auto">update</property>
        <property name="show_sql">true</property>
    </session-factory>
</hibernate-configuration>
